{
    "name": "root",
    "gauges": {
        "hallway_01_Hallway.Policy.Entropy.mean": {
            "value": 0.1459251195192337,
            "min": 0.11909868568181992,
            "max": 1.6093727350234985,
            "count": 500
        },
        "hallway_01_Hallway.Policy.ExtrinsicValueEstimate.mean": {
            "value": 0.009099740535020828,
            "min": -0.04073075205087662,
            "max": 0.15626388788223267,
            "count": 500
        },
        "hallway_01_Hallway.Environment.EpisodeLength.mean": {
            "value": 218.50980392156862,
            "min": 140.32203389830508,
            "max": 499.0,
            "count": 500
        },
        "hallway_01_Hallway.Environment.CumulativeReward.mean": {
            "value": -0.04204003274440765,
            "min": -1.0018824268789852,
            "max": 0.2201896253330954,
            "count": 500
        },
        "hallway_01_Hallway.Policy.ExtrinsicReward.mean": {
            "value": -0.04204003274440765,
            "min": -1.0018824268789852,
            "max": 0.2201896253330954,
            "count": 500
        },
        "hallway_01_Hallway.IsTraining.mean": {
            "value": 1.0,
            "min": 1.0,
            "max": 1.0,
            "count": 500
        },
        "hallway_01_Hallway.Losses.ValueLoss.mean": {
            "value": 0.009245187975466251,
            "min": 2.298772415088024e-05,
            "max": 0.01298309676349163,
            "count": 241
        },
        "hallway_01_Hallway.Losses.PolicyLoss.mean": {
            "value": 0.016990195959806442,
            "min": 0.011917680501937866,
            "max": 0.023277251049876213,
            "count": 241
        },
        "hallway_01_Hallway.Policy.LearningRate.mean": {
            "value": 1.1753185162888258e-06,
            "min": 1.1753185162888258e-06,
            "max": 0.0002986713661812246,
            "count": 241
        }
    },
    "metadata": {
        "timer_format_version": "0.1.0",
        "start_time_seconds": "1680419669",
        "python_version": "3.7.16 (default, Jan 17 2023, 16:06:28) [MSC v.1916 64 bit (AMD64)]",
        "command_line_arguments": "C:\\Users\\Matthew\\AppData\\Local\\Continuum\\miniconda3\\envs\\ml-agents-1.0.8\\Scripts\\mlagents-learn .\\trainer_config.yaml --run-id hallway_01",
        "mlagents_version": "0.16.1",
        "mlagents_envs_version": "0.16.1",
        "communication_protocol_version": "1.0.0",
        "tensorflow_version": "2.11.0",
        "end_time_seconds": "1680427655"
    },
    "total": 7985.9149284000005,
    "count": 1,
    "self": 0.35074750000057975,
    "children": {
        "run_training.setup": {
            "total": 0.026631899999998154,
            "count": 1,
            "self": 0.026631899999998154
        },
        "TrainerController.start_learning": {
            "total": 7985.537549,
            "count": 1,
            "self": 201.6114196000808,
            "children": {
                "TrainerController._reset_env": {
                    "total": 61.7166544,
                    "count": 1,
                    "self": 61.7166544
                },
                "TrainerController.advance": {
                    "total": 7720.704429299919,
                    "count": 330712,
                    "self": 6.279196600277828,
                    "children": {
                        "env_step": {
                            "total": 7714.425232699641,
                            "count": 330712,
                            "self": 7238.470670599523,
                            "children": {
                                "SubprocessEnvManager._take_step": {
                                    "total": 469.4713348001308,
                                    "count": 330712,
                                    "self": 16.392495900353595,
                                    "children": {
                                        "NNPolicy.evaluate": {
                                            "total": 453.0788388997772,
                                            "count": 312554,
                                            "self": 453.0788388997772
                                        }
                                    }
                                },
                                "workers": {
                                    "total": 6.483227299986879,
                                    "count": 330712,
                                    "self": 0.0,
                                    "children": {
                                        "worker_root": {
                                            "total": 7910.799664099874,
                                            "count": 330712,
                                            "is_parallel": true,
                                            "self": 1564.521893399642,
                                            "children": {
                                                "steps_from_proto": {
                                                    "total": 0.0018194999999963102,
                                                    "count": 1,
                                                    "is_parallel": true,
                                                    "self": 0.0005486999999959608,
                                                    "children": {
                                                        "_process_vector_observation": {
                                                            "total": 0.0012708000000003494,
                                                            "count": 4,
                                                            "is_parallel": true,
                                                            "self": 0.0012708000000003494
                                                        }
                                                    }
                                                },
                                                "UnityEnvironment.step": {
                                                    "total": 6346.275951200231,
                                                    "count": 330712,
                                                    "is_parallel": true,
                                                    "self": 90.31416000041008,
                                                    "children": {
                                                        "UnityEnvironment._generate_step_input": {
                                                            "total": 68.54579649997908,
                                                            "count": 330712,
                                                            "is_parallel": true,
                                                            "self": 68.54579649997908
                                                        },
                                                        "communicator.exchange": {
                                                            "total": 5899.238608700245,
                                                            "count": 330712,
                                                            "is_parallel": true,
                                                            "self": 5899.238608700245
                                                        },
                                                        "steps_from_proto": {
                                                            "total": 288.17738599959773,
                                                            "count": 330712,
                                                            "is_parallel": true,
                                                            "self": 96.00901089983398,