{
    "name": "root",
    "metadata": {
        "timer_format_version": "0.1.0",
        "start_time_seconds": "1680335465",
        "python_version": "3.7.16 (default, Jan 17 2023, 16:06:28) [MSC v.1916 64 bit (AMD64)]",
        "command_line_arguments": "C:\\Users\\Matthew\\AppData\\Local\\Continuum\\miniconda3\\envs\\ml-agents-1.0.8\\Scripts\\mlagents-learn .\\trainer_config.yaml --run-id maze_01 --force",
        "mlagents_version": "0.16.1",
        "mlagents_envs_version": "0.16.1",
        "communication_protocol_version": "1.0.0",
        "tensorflow_version": "2.11.0",
        "end_time_seconds": "1680335532"
    },
    "total": 67.43579980000001,
    "count": 1,
    "self": 0.7490337000000125,
    "children": {
        "run_training.setup": {
            "total": 0.022819900000000004,
            "count": 1,
            "self": 0.022819900000000004
        },
        "TrainerController.start_learning": {
            "total": 66.6639462,
            "count": 1,
            "self": 3.940081100000093,
            "children": {
                "TrainerController._reset_env": {
                    "total": 12.6070073,
                    "count": 1,
                    "self": 12.6070073
                },
                "TrainerController.advance": {
                    "total": 49.3891155999999,
                    "count": 2101,
                    "self": 0.06717330000011401,
                    "children": {
                        "env_step": {
                            "total": 49.32194229999978,
                            "count": 2101,
                            "self": 45.18218969999964,
                            "children": {
                                "SubprocessEnvManager._take_step": {
                                    "total": 4.070808600000145,
                                    "count": 2101,
                                    "self": 0.19263580000024305,
                                    "children": {
                                        "NNPolicy.evaluate": {
                                            "total": 3.878172799999902,
                                            "count": 2101,
                                            "self": 3.878172799999902
                                        }
                                    }
                                },
                                "workers": {
                                    "total": 0.06894399999999479,
                                    "count": 2101,
                                    "self": 0.0,
                                    "children": {
                                        "worker_root": {
                                            "total": 52.83128130000009,
                                            "count": 2101,
                                            "is_parallel": true,
                                            "self": 14.208893699999976,
                                            "children": {
                                                "steps_from_proto": {
                                                    "total": 0.0008075000000005161,
                                                    "count": 1,
                                                    "is_parallel": true,
                                                    "self": 0.0003968000000007521,
                                                    "children": {
                                                        "_process_vector_observation": {
                                                            "total": 0.00041069999999976403,
                                                            "count": 4,
                                                            "is_parallel": true,
                                                            "self": 0.00041069999999976403
                                                        }
                                                    }
                                                },
                                                "UnityEnvironment.step": {
                                                    "total": 38.621580100000116,
                                                    "count": 2101,
                                                    "is_parallel": true,
                                                    "self": 0.5459835000001334,
                                                    "children": {
                                                        "UnityEnvironment._generate_step_input": {
                                                            "total": 0.4021973999998707,
                                                            "count": 2101,
                                                            "is_parallel": true,
                                                            "self": 0.4021973999998707
                                                        },
                                                        "communicator.exchange": {
                                                            "total": 36.218838600000055,
                                                            "count": 2101,
                                                            "is_parallel": true,
                                                            "self": 36.218838600000055
                                                        },
                                                        "steps_from_proto": {
                                                            "total": 1.4545606000000557,
                                                            "count": 2101,
                                                            "is_parallel": true,
                                                            "self": 0.5800612000001752,
                                                            "children": {
                                                                "_process_vector_observation": {
                                                                    "total": 0.8744993999998805,
                                                                    "count": 8404,
                                                                    "is_parallel": true,
                                                                    "self": 0.8744993999998805
                                                                }
                                                            }
                                                        }
                                                    }
                                                }
                                            }
                                        }
                                    }
                                }
                            }
                        }
                    }
                },
                "trainer_threads": {
                    "total": 3.58000000062475e-05,
                    "count": 1,
                    "self": 3.58000000062475e-05,
                    "children": {
                        "thread_root": {
                            "total": 0.0,
                            "count": 0,
                            "is_parallel": true,
                            "self": 0.0,
                            "children": {
                                "trainer_advance": {
                                    "total": 49.911588599999746,
                                    "count": 21186,
                                    "is_parallel": true,
                                    "self": 2.558594899999207,
                                    "children": {
                                        "process_trajectory": {
                                            "total": 47.35299370000054,
                                            "count": 21186,
                                            "is_parallel": true,