{
    "name": "root",
    "gauges": {
        "maze_03_QLMaze.Policy.Entropy.mean": {
            "value": 1.9699733257293701,
            "min": 1.926391363143921,
            "max": 2.881378173828125,
            "count": 99
        },
        "maze_03_QLMaze.Policy.ExtrinsicValueEstimate.mean": {
            "value": 8.43708324432373,
            "min": -2.3523104190826416,
            "max": 8.870747566223145,
            "count": 99
        },
        "maze_03_QLMaze.Environment.EpisodeLength.mean": {
            "value": 198.41666666666666,
            "min": 195.16666666666666,
            "max": 539.8846153846154,
            "count": 99
        },
        "maze_03_QLMaze.IsTraining.mean": {
            "value": 1.0,
            "min": 1.0,
            "max": 1.0,
            "count": 99
        },
        "maze_03_QLMaze.Environment.CumulativeReward.mean": {
            "value": 85.6875,
            "min": -243.9375,
            "max": 89.33962264150944,
            "count": 98
        },
        "maze_03_QLMaze.Policy.ExtrinsicReward.mean": {
            "value": 85.6875,
            "min": -243.9375,
            "max": 89.33962264150944,
            "count": 98
        },
        "maze_03_QLMaze.Losses.ValueLoss.mean": {
            "value": 86.78555297851562,
            "min": 86.78555297851562,
            "max": 192.4149932861328,
            "count": 48
        },
        "maze_03_QLMaze.Losses.PolicyLoss.mean": {
            "value": 0.021453090012073517,
            "min": 0.011048225685954094,
            "max": 0.024170594289898872,
            "count": 48
        },
        "maze_03_QLMaze.Policy.LearningRate.mean": {
            "value": 0.00024089131329674274,
            "min": 0.00024089131329674274,
            "max": 0.0002987682819366455,
            "count": 48
        }
    },
    "metadata": {
        "timer_format_version": "0.1.0",
        "start_time_seconds": "1680451973",
        "python_version": "3.7.16 (default, Jan 17 2023, 16:06:28) [MSC v.1916 64 bit (AMD64)]",
        "command_line_arguments": "C:\\Users\\Matthew\\AppData\\Local\\Continuum\\miniconda3\\envs\\ml-agents-1.0.8\\Scripts\\mlagents-learn .\\trainer_config.yaml --run-id maze_03 --force",
        "mlagents_version": "0.16.1",
        "mlagents_envs_version": "0.16.1",
        "communication_protocol_version": "1.0.0",
        "tensorflow_version": "2.11.0",
        "end_time_seconds": "1680452824"
    },
    "total": 851.3766917,
    "count": 1,
    "self": 0.00118299999996907,
    "children": {
        "run_training.setup": {
            "total": 0.018766100000000563,
            "count": 1,
            "self": 0.018766100000000563
        },
        "TrainerController.start_learning": {
            "total": 851.3567426000001,
            "count": 1,
            "self": 37.93942929999798,
            "children": {
                "TrainerController._reset_env": {
                    "total": 37.085135099999995,
                    "count": 1,
                    "self": 37.085135099999995
                },
                "TrainerController.advance": {
                    "total": 775.633662600002,
                    "count": 37034,
                    "self": 0.9175818000188656,
                    "children": {
                        "env_step": {
                            "total": 774.7160807999832,
                            "count": 37034,
                            "self": 693.1435783999816,
                            "children": {
                                "SubprocessEnvManager._take_step": {
                                    "total": 80.67122880000079,
                                    "count": 37034,
                                    "self": 3.00062549999744,
                                    "children": {
                                        "NNPolicy.evaluate": {
                                            "total": 77.67060330000335,
                                            "count": 37032,
                                            "self": 77.67060330000335
                                        }
                                    }
                                },
                                "workers": {
                                    "total": 0.901273600000799,
                                    "count": 37033,
                                    "self": 0.0,
                                    "children": {
                                        "worker_root": {
                                            "total": 811.2465835999993,
                                            "count": 37033,
                                            "is_parallel": true,
                                            "self": 370.2912794999999,
                                            "children": {
                                                "steps_from_proto": {
                                                    "total": 0.0032831999999984873,
                                                    "count": 1,
                                                    "is_parallel": true,
                                                    "self": 0.0013623000000109187,
                                                    "children": {
                                                        "_process_vector_observation": {
                                                            "total": 0.0019208999999875687,
                                                            "count": 4,
                                                            "is_parallel": true,
                                                            "self": 0.0019208999999875687
                                                        }
                                                    }
                                                },
                                                "UnityEnvironment.step": {
                                                    "total": 440.9520208999994,
                                                    "count": 37033,
                                                    "is_parallel": true,
                                                    "self": 15.020736200002773,
                                                    "children": {
                                                        "UnityEnvironment._generate_step_input": {
                                                            "total": 15.899917799995684,
                                                            "count": 37033,
                                                            "is_parallel": true,
                                                            "self": 15.899917799995684
                                                        },
                                                        "communicator.exchange": {
                                                            "total": 365.8362372000083,
                                                            "count": 37033,
                                                            "is_parallel": true,
                                                            "self": 365.8362372000083
                                                        },
                                                        "steps_from_proto": {
                                                            "total": 44.19512969999259,
                                                            "count": 37031,
                                                            "is_parallel": true,
                                                            "self": 15.382446399992588,
                                                            "children": {
                                                                "_process_vector_observation": {
                                                                    "total": 28.812683300000003,