{
    "name": "root",
    "gauges": {
        "maze_gamma_QLMaze_3.Policy.Entropy.mean": {
            "value": 2.8400518894195557,
            "min": 2.8226938247680664,
            "max": 2.8768539428710938,
            "count": 100
        },
        "maze_gamma_QLMaze_3.Policy.ExtrinsicValueEstimate.mean": {
            "value": -0.42295703291893005,
            "min": -0.6259267330169678,
            "max": 2.963963031768799,
            "count": 100
        },
        "maze_gamma_QLMaze_3.IsTraining.mean": {
            "value": 1.0,
            "min": 1.0,
            "max": 1.0,
            "count": 100
        },
        "maze_gamma_QLMaze_3.Environment.EpisodeLength.mean": {
            "value": 556.8888888888889,
            "min": 472.7142857142857,
            "max": 638.2105263157895,
            "count": 99
        },
        "maze_gamma_QLMaze_3.Environment.CumulativeReward.mean": {
            "value": -280.22222222222223,
            "min": -367.8888888888889,
            "max": -194.53333333333333,
            "count": 99
        },
        "maze_gamma_QLMaze_3.Policy.ExtrinsicReward.mean": {
            "value": -280.22222222222223,
            "min": -367.8888888888889,
            "max": -194.53333333333333,
            "count": 99
        },
        "maze_gamma_QLMaze_3.Losses.ValueLoss.mean": {
            "value": 17.572847366333008,
            "min": 13.861078262329102,
            "max": 21.50441551208496,
            "count": 48
        },
        "maze_gamma_QLMaze_3.Losses.PolicyLoss.mean": {
            "value": 0.01670500449836254,
            "min": 0.013098153285682201,
            "max": 0.021851997822523117,
            "count": 48
        },
        "maze_gamma_QLMaze_3.Policy.LearningRate.mean": {
            "value": 4.383096438687062e-06,
            "min": 4.383096438687062e-06,
            "max": 0.0002938386460300535,
            "count": 48
        }
    },
    "metadata": {
        "timer_format_version": "0.1.0",
        "start_time_seconds": "1680481657",
        "python_version": "3.7.16 (default, Jan 17 2023, 16:06:28) [MSC v.1916 64 bit (AMD64)]",
        "command_line_arguments": "C:\\Users\\Matthew\\AppData\\Local\\Continuum\\miniconda3\\envs\\ml-agents-1.0.8\\Scripts\\mlagents-learn .\\trainer_config.yaml --run-id maze_gamma",
        "mlagents_version": "0.16.1",
        "mlagents_envs_version": "0.16.1",
        "communication_protocol_version": "1.0.0",
        "tensorflow_version": "2.11.0",
        "end_time_seconds": "1680483128"
    },
    "total": 1470.6892243,
    "count": 1,
    "self": 0.8968032999998741,
    "children": {
        "run_training.setup": {
            "total": 0.03201140000000002,
            "count": 1,
            "self": 0.03201140000000002
        },
        "TrainerController.start_learning": {
            "total": 1469.7604096,
            "count": 1,
            "self": 66.63708239999869,
            "children": {
                "TrainerController._reset_env": {
                    "total": 18.9848262,
                    "count": 1,
                    "self": 18.9848262
                },
                "TrainerController.advance": {
                    "total": 1383.4118304000012,
                    "count": 37074,
                    "self": 1.62527670000145,
                    "children": {
                        "env_step": {
                            "total": 1381.7865536999998,
                            "count": 37074,
                            "self": 1251.4802671000066,
                            "children": {
                                "SubprocessEnvManager._take_step": {
                                    "total": 128.83599419998535,
                                    "count": 37074,
                                    "self": 5.3433709999870445,
                                    "children": {
                                        "NNPolicy.evaluate": {
                                            "total": 123.4926231999983,
                                            "count": 37074,
                                            "self": 123.4926231999983
                                        }
                                    }
                                },
                                "workers": {
                                    "total": 1.470292400007878,
                                    "count": 37074,
                                    "self": 0.0,
                                    "children": {
                                        "worker_root": {
                                            "total": 1446.5770039999804,
                                            "count": 37074,
                                            "is_parallel": true,
                                            "self": 613.288740299987,
                                            "children": {
                                                "steps_from_proto": {
                                                    "total": 0.0024873999999996954,
                                                    "count": 1,
                                                    "is_parallel": true,
                                                    "self": 0.0010486000000007323,
                                                    "children": {
                                                        "_process_vector_observation": {
                                                            "total": 0.0014387999999989631,
                                                            "count": 4,
                                                            "is_parallel": true,
                                                            "self": 0.0014387999999989631
                                                        }
                                                    }
                                                },
                                                "UnityEnvironment.step": {
                                                    "total": 833.2857762999935,
                                                    "count": 37074,
                                                    "is_parallel": true,
                                                    "self": 25.08547689999068,
                                                    "children": {
                                                        "UnityEnvironment._generate_step_input": {
                                                            "total": 26.78059879999809,
                                                            "count": 37074,
                                                            "is_parallel": true,
                                                            "self": 26.78059879999809
                                                        },
                                                        "communicator.exchange": {
                                                            "total": 708.3300141000042,
                                                            "count": 37074,
                                                            "is_parallel": true,
                                                            "self": 708.3300141000042
                                                        },
                                                        "steps_from_proto": {
                                                            "total": 73.08968650000054,
                                                            "count": 37074,
                                                            "is_parallel": true,
                                                            "self": 25.336869700007256,