{
    "name": "root",
    "gauges": {
        "maze_alpha_2_QLMaze_2.Policy.Entropy.mean": {
            "value": 1.6497822798555717e-05,
            "min": 1.6497822798555717e-05,
            "max": 2.876192092895508,
            "count": 100
        },
        "maze_alpha_2_QLMaze_2.Policy.ExtrinsicValueEstimate.mean": {
            "value": -12.840784072875977,
            "min": -12.840784072875977,
            "max": 17.77834701538086,
            "count": 100
        },
        "maze_alpha_2_QLMaze_2.IsTraining.mean": {
            "value": 1.0,
            "min": 1.0,
            "max": 1.0,
            "count": 100
        },
        "maze_alpha_2_QLMaze_2.Environment.EpisodeLength.mean": {
            "value": 749.0,
            "min": 563.6296296296297,
            "max": 749.0,
            "count": 81
        },
        "maze_alpha_2_QLMaze_2.Environment.CumulativeReward.mean": {
            "value": -630.0,
            "min": -656.3333333333334,
            "max": -281.9259259259259,
            "count": 83
        },
        "maze_alpha_2_QLMaze_2.Policy.ExtrinsicReward.mean": {
            "value": -630.0,
            "min": -656.3333333333334,
            "max": -281.9259259259259,
            "count": 83
        },
        "maze_alpha_2_QLMaze_2.Losses.ValueLoss.mean": {
            "value": 13.767840385437012,
            "min": 13.767840385437012,
            "max": 4151619840.0,
            "count": 48
        },
        "maze_alpha_2_QLMaze_2.Losses.PolicyLoss.mean": {
            "value": 0.013362540863454342,
            "min": 0.011498305015265942,
            "max": 0.4294913709163666,
            "count": 48
        },
        "maze_alpha_2_QLMaze_2.Policy.LearningRate.mean": {
            "value": 0.012336780317127705,
            "min": 0.012336780317127705,
            "max": 0.7836055755615234,
            "count": 48
        }
    },
    "metadata": {
        "timer_format_version": "0.1.0",
        "start_time_seconds": "1680482310",
        "python_version": "3.7.16 (default, Jan 17 2023, 16:06:28) [MSC v.1916 64 bit (AMD64)]",
        "command_line_arguments": "C:\\Users\\staplp2\\Anaconda3\\envs\\ml-agents-1.0.2\\Scripts\\mlagents-learn .\\trainer_config.yaml --run-id maze_alpha_2",
        "mlagents_version": "0.16.1",
        "mlagents_envs_version": "0.16.1",
        "communication_protocol_version": "1.0.0",
        "tensorflow_version": "2.11.0",
        "end_time_seconds": "1680482762"
    },
    "total": 451.5284651,
    "count": 1,
    "self": 0.23891660000003867,
    "children": {
        "run_training.setup": {
            "total": 0.00852940000000002,
            "count": 1,
            "self": 0.00852940000000002
        },
        "TrainerController.start_learning": {
            "total": 451.2810191,
            "count": 1,
            "self": 23.878114200006507,
            "children": {
                "TrainerController._reset_env": {
                    "total": 8.066428499999999,
                    "count": 1,
                    "self": 8.066428499999999
                },
                "TrainerController.advance": {
                    "total": 419.1085097999935,
                    "count": 37067,
                    "self": 0.4942880999887507,
                    "children": {
                        "env_step": {
                            "total": 418.61422170000475,
                            "count": 37067,
                            "self": 367.06728390000535,
                            "children": {
                                "SubprocessEnvManager._take_step": {
                                    "total": 51.041368299999974,
                                    "count": 37067,
                                    "self": 1.6428980999903615,
                                    "children": {
                                        "NNPolicy.evaluate": {
                                            "total": 49.39847020000961,
                                            "count": 37067,
                                            "self": 49.39847020000961
                                        }
                                    }
                                },
                                "workers": {
                                    "total": 0.5055694999994511,
                                    "count": 37067,
                                    "self": 0.0,
                                    "children": {
                                        "worker_root": {
                                            "total": 441.7848899999988,
                                            "count": 37067,
                                            "is_parallel": true,
                                            "self": 200.95656589999075,
                                            "children": {
                                                "steps_from_proto": {
                                                    "total": 0.0007375000000013898,
                                                    "count": 1,
                                                    "is_parallel": true,
                                                    "self": 0.0002537000000017997,
                                                    "children": {
                                                        "_process_vector_observation": {
                                                            "total": 0.0004837999999995901,
                                                            "count": 4,
                                                            "is_parallel": true,
                                                            "self": 0.0004837999999995901
                                                        }
                                                    }
                                                },
                                                "UnityEnvironment.step": {
                                                    "total": 240.82758660000806,
                                                    "count": 37067,
                                                    "is_parallel": true,
                                                    "self": 9.23242290000286,
                                                    "children": {
                                                        "UnityEnvironment._generate_step_input": {
                                                            "total": 9.491653799997161,
                                                            "count": 37067,
                                                            "is_parallel": true,
                                                            "self": 9.491653799997161
                                                        },
                                                        "communicator.exchange": {
                                                            "total": 197.0464625000005,
                                                            "count": 37067,
                                                            "is_parallel": true,
                                                            "self": 197.0464625000005
                                                        },
                                                        "steps_from_proto": {
                                                            "total": 25.057047400007555,
                                                            "count": 37067,
                                                            "is_parallel": true,
                                                            "self": 8.372207900012917,
                                                            "children": {
                                                                "_process_vector_observation": {
                                                                    "total": 16.684839499994638,