Steps,Policy/Entropy,Environment/Episode Length,Policy/Extrinsic Value Estimate,Environment/Cumulative Reward,Policy/Extrinsic Reward,Is Training
10000,1.4189383,151.43939393939394,-2.509674,-3.2566151183385115,-3.2566151183385115,1.0
20000,1.4189384,162.36065573770492,-2.5077927,-3.258196477030144,-3.258196477030144,1.0
