{
    "name": "root",
    "gauges": {
        "maze_01_RollerBall.Policy.Entropy.mean": {
            "value": 1.3737589120864868,
            "min": 1.3736183643341064,
            "max": 1.4189382791519165,
            "count": 50
        },
        "maze_01_RollerBall.Policy.ExtrinsicValueEstimate.mean": {
            "value": 5.088110446929932,
            "min": -0.7697354555130005,
            "max": 5.096163272857666,
            "count": 50
        },
        "maze_01_RollerBall.Environment.EpisodeLength.mean": {
            "value": 56.02173913043478,
            "min": 54.0,
            "max": 2363.0,
            "count": 50
        },
        "maze_01_RollerBall.Environment.CumulativeReward.mean": {
            "value": 98.05702272521125,
            "min": -14.136318961779276,
            "max": 98.40061494437131,
            "count": 50
        },
        "maze_01_RollerBall.Policy.ExtrinsicReward.mean": {
            "value": 98.05702272521125,
            "min": -14.136318961779276,
            "max": 98.40061494437131,
            "count": 50
        },
        "maze_01_RollerBall.IsTraining.mean": {
            "value": 1.0,
            "min": 1.0,
            "max": 1.0,
            "count": 50
        },
        "maze_01_RollerBall.Losses.ValueLoss.mean": {
            "value": 195.40664672851562,
            "min": 6.448184013366699,
            "max": 204.8279571533203,
            "count": 48
        },
        "maze_01_RollerBall.Losses.PolicyLoss.mean": {
            "value": 0.021456008777022362,
            "min": 0.01879863068461418,
            "max": 0.03174396976828575,
            "count": 48
        },
        "maze_01_RollerBall.Policy.LearningRate.mean": {
            "value": 3.673902483569691e-06,
            "min": 3.673902483569691e-06,
            "max": 0.00029382482171058655,
            "count": 48
        }
    },
    "metadata": {
        "timer_format_version": "0.1.0",
        "start_time_seconds": "1680365436",
        "python_version": "3.7.16 (default, Jan 17 2023, 16:06:28) [MSC v.1916 64 bit (AMD64)]",
        "command_line_arguments": "C:\\Users\\Matthew\\AppData\\Local\\Continuum\\miniconda3\\envs\\ml-agents-1.0.8\\Scripts\\mlagents-learn .\\trainer_config.yaml --run-id maze_01 --force",
        "mlagents_version": "0.16.1",
        "mlagents_envs_version": "0.16.1",
        "communication_protocol_version": "1.0.0",
        "tensorflow_version": "2.11.0",
        "end_time_seconds": "1680366128"
    },
    "total": 691.569153,
    "count": 1,
    "self": 0.35558320000006916,
    "children": {
        "run_training.setup": {
            "total": 0.016588099999999883,
            "count": 1,
            "self": 0.016588099999999883
        },
        "TrainerController.start_learning": {
            "total": 691.1969816999999,
            "count": 1,
            "self": 19.49368329998913,
            "children": {
                "TrainerController._reset_env": {
                    "total": 18.0369936,
                    "count": 1,
                    "self": 18.0369936
                },
                "TrainerController.advance": {
                    "total": 653.4541714000108,
                    "count": 19667,
                    "self": 0.3745155000096929,
                    "children": {
                        "env_step": {
                            "total": 653.0796559000011,
                            "count": 19667,
                            "self": 626.6991941999852,
                            "children": {
                                "SubprocessEnvManager._take_step": {
                                    "total": 25.98729780001101,
                                    "count": 19667,
                                    "self": 1.2147614000102855,
                                    "children": {
                                        "NNPolicy.evaluate": {
                                            "total": 24.772536400000725,
                                            "count": 18552,
                                            "self": 24.772536400000725
                                        }
                                    }
                                },
                                "workers": {
                                    "total": 0.3931639000049074,
                                    "count": 19667,
                                    "self": 0.0,
                                    "children": {
                                        "worker_root": {
                                            "total": 672.0176976000024,
                                            "count": 19667,
                                            "is_parallel": true,
                                            "self": 231.0324014999979,
                                            "children": {
                                                "steps_from_proto": {
                                                    "total": 0.0009743000000028701,
                                                    "count": 1,
                                                    "is_parallel": true,
                                                    "self": 0.0003426000000068541,
                                                    "children": {
                                                        "_process_vector_observation": {
                                                            "total": 0.000631699999996016,
                                                            "count": 4,
                                                            "is_parallel": true,
                                                            "self": 0.000631699999996016
                                                        }
                                                    }
                                                },
                                                "UnityEnvironment.step": {
                                                    "total": 440.9843218000045,
                                                    "count": 19667,
                                                    "is_parallel": true,
                                                    "self": 6.126928699988014,
                                                    "children": {
                                                        "UnityEnvironment._generate_step_input": {
                                                            "total": 6.29554130000518,
                                                            "count": 19667,
                                                            "is_parallel": true,
                                                            "self": 6.29554130000518
                                                        },
                                                        "communicator.exchange": {
                                                            "total": 413.4037685000063,
                                                            "count": 19667,
                                                            "is_parallel": true,
                                                            "self": 413.4037685000063
                                                        },
                                                        "steps_from_proto": {
                                                            "total": 15.158083300004982,
                                                            "count": 19667,
                                                            "is_parallel": true,
                                                            "self": 3.795258300006335,
                                                            "children": {
                                                                "_process_vector_observation": {
                                                                    "total": 11.362824999998647,