{
    "name": "root",
    "gauges": {
        "roller_ball_01_RollerBall.Policy.Entropy.mean": {
            "value": 1.4189382791519165,
            "min": 1.4189382791519165,
            "max": 1.4189382791519165,
            "count": 1
        },
        "roller_ball_01_RollerBall.Environment.EpisodeLength.mean": {
            "value": 19.854469854469855,
            "min": 19.854469854469855,
            "max": 19.854469854469855,
            "count": 1
        },
        "roller_ball_01_RollerBall.Policy.ExtrinsicValueEstimate.mean": {
            "value": 0.16637541353702545,
            "min": 0.16637541353702545,
            "max": 0.16637541353702545,
            "count": 1
        },
        "roller_ball_01_RollerBall.Environment.CumulativeReward.mean": {
            "value": 0.18958333333333333,
            "min": 0.18958333333333333,
            "max": 0.18958333333333333,
            "count": 1
        },
        "roller_ball_01_RollerBall.Policy.ExtrinsicReward.mean": {
            "value": 0.18958333333333333,
            "min": 0.18958333333333333,
            "max": 0.18958333333333333,
            "count": 1
        },
        "roller_ball_01_RollerBall.IsTraining.mean": {
            "value": 1.0,
            "min": 1.0,
            "max": 1.0,
            "count": 1
        }
    },
    "metadata": {
        "timer_format_version": "0.1.0",
        "start_time_seconds": "1680334829",
        "python_version": "3.7.16 (default, Jan 17 2023, 16:06:28) [MSC v.1916 64 bit (AMD64)]",
        "command_line_arguments": "C:\\Users\\Matthew\\AppData\\Local\\Continuum\\miniconda3\\envs\\ml-agents-1.0.8\\Scripts\\mlagents-learn .\\trainer_config.yaml --run-id roller_ball_01 --force",
        "mlagents_version": "0.16.1",
        "mlagents_envs_version": "0.16.1",
        "communication_protocol_version": "1.0.0",
        "tensorflow_version": "2.11.0",
        "end_time_seconds": "1680335020"
    },
    "total": 190.7024863,
    "count": 1,
    "self": 0.0025986999999929594,
    "children": {
        "run_training.setup": {
            "total": 0.01892339999999848,
            "count": 1,
            "self": 0.01892339999999848
        },
        "TrainerController.start_learning": {
            "total": 190.6809642,
            "count": 1,
            "self": 8.393037500000503,
            "children": {
                "TrainerController._reset_env": {
                    "total": 18.9323351,
                    "count": 1,
                    "self": 18.9323351
                },
                "TrainerController.advance": {
                    "total": 162.95748569999952,
                    "count": 10863,
                    "self": 0.2396250999970846,
                    "children": {
                        "env_step": {
                            "total": 162.71786060000244,
                            "count": 10863,
                            "self": 149.45439860000124,
                            "children": {
                                "SubprocessEnvManager._take_step": {
                                    "total": 13.01421650000081,
                                    "count": 10863,
                                    "self": 0.6001955000031529,
                                    "children": {
                                        "NNPolicy.evaluate": {
                                            "total": 12.414020999997657,
                                            "count": 10406,
                                            "self": 12.414020999997657
                                        }
                                    }
                                },
                                "workers": {
                                    "total": 0.24924550000039503,
                                    "count": 10862,
                                    "self": 0.0,
                                    "children": {
                                        "worker_root": {
                                            "total": 170.47221070000168,
                                            "count": 10862,
                                            "is_parallel": true,
                                            "self": 43.81680770000159,
                                            "children": {
                                                "steps_from_proto": {
                                                    "total": 0.0003874000000010369,
                                                    "count": 1,
                                                    "is_parallel": true,
                                                    "self": 0.0002153999999983114,
                                                    "children": {
                                                        "_process_vector_observation": {
                                                            "total": 0.00017200000000272553,
                                                            "count": 2,
                                                            "is_parallel": true,
                                                            "self": 0.00017200000000272553
                                                        }
                                                    }
                                                },
                                                "UnityEnvironment.step": {
                                                    "total": 126.6550156000001,
                                                    "count": 10862,
                                                    "is_parallel": true,
                                                    "self": 1.7436714000003235,
                                                    "children": {
                                                        "UnityEnvironment._generate_step_input": {
                                                            "total": 1.3486183000005667,
                                                            "count": 10862,
                                                            "is_parallel": true,
                                                            "self": 1.3486183000005667
                                                        },
                                                        "communicator.exchange": {
                                                            "total": 119.70429139999867,
                                                            "count": 10862,
                                                            "is_parallel": true,
                                                            "self": 119.70429139999867
                                                        },
                                                        "steps_from_proto": {
                                                            "total": 3.8584345000005413,
                                                            "count": 10862,
                                                            "is_parallel": true,
                                                            "self": 1.9051069999985586,
                                                            "children": {
                                                                "_process_vector_observation": {
                                                                    "total": 1.9533275000019827,
                                                                    "count": 21724,
                                                                    "is_parallel": true,