{
    "name": "root",
    "gauges": {
        "rollerball_01_RollerBallMLA.Policy.Entropy.mean": {
            "value": 1.321626901626587,
            "min": 1.321626901626587,
            "max": 1.420757532119751,
            "count": 32
        },
        "rollerball_01_RollerBallMLA.Environment.EpisodeLength.mean": {
            "value": 7.153344208809135,
            "min": 7.153344208809135,
            "max": 29.0,
            "count": 32
        },
        "rollerball_01_RollerBallMLA.Policy.ExtrinsicValueEstimate.mean": {
            "value": 0.8338152170181274,
            "min": 0.24472883343696594,
            "max": 2.006782293319702,
            "count": 32
        },
        "rollerball_01_RollerBallMLA.Environment.CumulativeReward.mean": {
            "value": 1.0,
            "min": 0.06726457399103139,
            "max": 1.0,
            "count": 32
        },
        "rollerball_01_RollerBallMLA.Policy.ExtrinsicReward.mean": {
            "value": 1.0,
            "min": 0.06726457399103139,
            "max": 1.0,
            "count": 32
        },
        "rollerball_01_RollerBallMLA.IsTraining.mean": {
            "value": 1.0,
            "min": 1.0,
            "max": 1.0,
            "count": 32
        },
        "rollerball_01_RollerBallMLA.Losses.ValueLoss.mean": {
            "value": 0.0005853439215570688,
            "min": 0.0005853439215570688,
            "max": 2.2873072624206543,
            "count": 15
        },
        "rollerball_01_RollerBallMLA.Losses.PolicyLoss.mean": {
            "value": 0.02419733814895153,
            "min": 0.0175237488001585,
            "max": 0.031141526997089386,
            "count": 15
        },
        "rollerball_01_RollerBallMLA.Policy.LearningRate.mean": {
            "value": 0.00028155851759947836,
            "min": 0.00028155851759947836,
            "max": 0.00029877046472392976,
            "count": 15
        }
    },
    "metadata": {
        "timer_format_version": "0.1.0",
        "start_time_seconds": "1680462558",
        "python_version": "3.7.16 (default, Jan 17 2023, 16:06:28) [MSC v.1916 64 bit (AMD64)]",
        "command_line_arguments": "C:\\Users\\Matthew\\AppData\\Local\\Continuum\\miniconda3\\envs\\ml-agents-1.0.8\\Scripts\\mlagents-learn .\\trainer_config.yaml --run-id rollerball_01 --force",
        "mlagents_version": "0.16.1",
        "mlagents_envs_version": "0.16.1",
        "communication_protocol_version": "1.0.0",
        "tensorflow_version": "2.11.0",
        "end_time_seconds": "1680463364"
    },
    "total": 806.1121205,
    "count": 1,
    "self": 0.0019592999999531457,
    "children": {
        "run_training.setup": {
            "total": 0.01975529999999992,
            "count": 1,
            "self": 0.01975529999999992
        },
        "TrainerController.start_learning": {
            "total": 806.0904059,
            "count": 1,
            "self": 43.34265920000166,
            "children": {
                "TrainerController._reset_env": {
                    "total": 33.5509605,
                    "count": 1,
                    "self": 33.5509605
                },
                "TrainerController.advance": {
                    "total": 728.2847929999983,
                    "count": 32744,
                    "self": 1.1573605999959682,
                    "children": {
                        "env_step": {
                            "total": 727.1274324000024,
                            "count": 32744,
                            "self": 697.0178292000097,
                            "children": {
                                "SubprocessEnvManager._take_step": {
                                    "total": 28.931788499999243,
                                    "count": 32744,
                                    "self": 2.1835766000040806,
                                    "children": {
                                        "NNPolicy.evaluate": {
                                            "total": 26.748211899995162,
                                            "count": 12191,
                                            "self": 26.748211899995162
                                        }
                                    }
                                },
                                "workers": {
                                    "total": 1.1778146999934123,
                                    "count": 32743,
                                    "self": 0.0,
                                    "children": {
                                        "worker_root": {
                                            "total": 768.7953315999947,
                                            "count": 32743,
                                            "is_parallel": true,
                                            "self": 272.3947198999909,
                                            "children": {
                                                "steps_from_proto": {
                                                    "total": 0.0012346999999977015,
                                                    "count": 1,
                                                    "is_parallel": true,
                                                    "self": 0.0004994999999965444,
                                                    "children": {
                                                        "_process_vector_observation": {
                                                            "total": 0.0007352000000011572,
                                                            "count": 2,
                                                            "is_parallel": true,
                                                            "self": 0.0007352000000011572
                                                        }
                                                    }
                                                },
                                                "UnityEnvironment.step": {
                                                    "total": 496.3993770000038,
                                                    "count": 32743,
                                                    "is_parallel": true,
                                                    "self": 10.658235100015645,
                                                    "children": {
                                                        "UnityEnvironment._generate_step_input": {
                                                            "total": 9.487753299994836,
                                                            "count": 32743,
                                                            "is_parallel": true,
                                                            "self": 9.487753299994836
                                                        },
                                                        "communicator.exchange": {
                                                            "total": 454.3253459999964,
                                                            "count": 32743,
                                                            "is_parallel": true,
                                                            "self": 454.3253459999964
                                                        },
                                                        "steps_from_proto": {
                                                            "total": 21.928042599996935,
                                                            "count": 32743,
                                                            "is_parallel": true,
                                                            "self": 9.46844249998189,