{
    "name": "root",
    "metadata": {
        "timer_format_version": "0.1.0",
        "start_time_seconds": "1680460993",
        "python_version": "3.7.16 (default, Jan 17 2023, 16:06:28) [MSC v.1916 64 bit (AMD64)]",
        "command_line_arguments": "C:\\Users\\Matthew\\AppData\\Local\\Continuum\\miniconda3\\envs\\ml-agents-1.0.8\\Scripts\\mlagents-learn .\\trainer_config.yaml --run-id rollerball_01 --force",
        "mlagents_version": "0.16.1",
        "mlagents_envs_version": "0.16.1",
        "communication_protocol_version": "1.0.0",
        "tensorflow_version": "2.11.0",
        "end_time_seconds": "1680461037"
    },
    "total": 43.7126748,
    "count": 1,
    "self": 0.002365199999999845,
    "children": {
        "run_training.setup": {
            "total": 0.024049299999999718,
            "count": 1,
            "self": 0.024049299999999718
        },
        "TrainerController.start_learning": {
            "total": 43.6862603,
            "count": 1,
            "self": 4.462947299999847,
            "children": {
                "TrainerController._reset_env": {
                    "total": 19.1920748,
                    "count": 1,
                    "self": 19.1920748
                },
                "TrainerController.advance": {
                    "total": 19.42898600000015,
                    "count": 1001,
                    "self": 0.03225999999995466,
                    "children": {
                        "env_step": {
                            "total": 19.396726000000196,
                            "count": 1001,
                            "self": 18.507245900000203,
                            "children": {
                                "SubprocessEnvManager._take_step": {
                                    "total": 0.8594776999999603,
                                    "count": 1001,
                                    "self": 0.059149199999907864,
                                    "children": {
                                        "NNPolicy.evaluate": {
                                            "total": 0.8003285000000524,
                                            "count": 371,
                                            "self": 0.8003285000000524
                                        }
                                    }
                                },
                                "workers": {
                                    "total": 0.030002400000032736,
                                    "count": 1000,
                                    "self": 0.0,
                                    "children": {
                                        "worker_root": {
                                            "total": 23.30939349999992,
                                            "count": 1000,
                                            "is_parallel": true,
                                            "self": 8.527876899999935,
                                            "children": {
                                                "steps_from_proto": {
                                                    "total": 0.0015443999999966707,
                                                    "count": 1,
                                                    "is_parallel": true,
                                                    "self": 0.0006587999999965177,
                                                    "children": {
                                                        "_process_vector_observation": {
                                                            "total": 0.0008856000000001529,
                                                            "count": 2,
                                                            "is_parallel": true,
                                                            "self": 0.0008856000000001529
                                                        }
                                                    }
                                                },
                                                "UnityEnvironment.step": {
                                                    "total": 14.779972199999989,
                                                    "count": 1000,
                                                    "is_parallel": true,
                                                    "self": 0.2912199000002502,
                                                    "children": {
                                                        "UnityEnvironment._generate_step_input": {
                                                            "total": 0.25525599999995663,
                                                            "count": 1000,
                                                            "is_parallel": true,
                                                            "self": 0.25525599999995663
                                                        },
                                                        "communicator.exchange": {
                                                            "total": 13.641274399999805,
                                                            "count": 1000,
                                                            "is_parallel": true,
                                                            "self": 13.641274399999805
                                                        },
                                                        "steps_from_proto": {
                                                            "total": 0.5922218999999771,
                                                            "count": 1000,
                                                            "is_parallel": true,
                                                            "self": 0.2556834000000556,
                                                            "children": {
                                                                "_process_vector_observation": {
                                                                    "total": 0.33653849999992147,
                                                                    "count": 2000,
                                                                    "is_parallel": true,
                                                                    "self": 0.33653849999992147
                                                                }
                                                            }
                                                        }
                                                    }
                                                }
                                            }
                                        }
                                    }
                                }
                            }
                        }
                    }
                },
                "trainer_threads": {
                    "total": 4.00999999996543e-05,
                    "count": 1,
                    "self": 4.00999999996543e-05,
                    "children": {
                        "thread_root": {
                            "total": 0.0,
                            "count": 0,
                            "is_parallel": true,
                            "self": 0.0,
                            "children": {
                                "trainer_advance": {
                                    "total": 20.09288040000033,
                                    "count": 6958,
                                    "is_parallel": true,
                                    "self": 0.6297208000000118,
                                    "children": {
                                        "process_trajectory": {
                                            "total": 19.463159600000317,
                                            "count": 6958,
                                            "is_parallel": true,