{
    "name": "root",
    "gauges": {
        "roller_ball_01_RollerBall.Policy.Entropy.mean": {
            "value": 1.4189382791519165,
            "min": 1.4189382791519165,
            "max": 1.4189382791519165,
            "count": 1
        },
        "roller_ball_01_RollerBall.Policy.ExtrinsicValueEstimate.mean": {
            "value": 2.448202133178711,
            "min": 2.448202133178711,
            "max": 2.448202133178711,
            "count": 1
        },
        "roller_ball_01_RollerBall.IsTraining.mean": {
            "value": 1.0,
            "min": 1.0,
            "max": 1.0,
            "count": 1
        }
    },
    "metadata": {
        "timer_format_version": "0.1.0",
        "start_time_seconds": "1680355303",
        "python_version": "3.7.16 (default, Jan 17 2023, 16:06:28) [MSC v.1916 64 bit (AMD64)]",
        "command_line_arguments": "C:\\Users\\Matthew\\AppData\\Local\\Continuum\\miniconda3\\envs\\ml-agents-1.0.8\\Scripts\\mlagents-learn .\\trainer_config.yaml --run-id roller_ball_01 --force",
        "mlagents_version": "0.16.1",
        "mlagents_envs_version": "0.16.1",
        "communication_protocol_version": "1.0.0",
        "tensorflow_version": "2.11.0",
        "end_time_seconds": "1680355565"
    },
    "total": 262.70629399999996,
    "count": 1,
    "self": 0.0009121999999592845,
    "children": {
        "run_training.setup": {
            "total": 0.02415630000000135,
            "count": 1,
            "self": 0.02415630000000135
        },
        "TrainerController.start_learning": {
            "total": 262.6812255,
            "count": 1,
            "self": 7.365569399997895,
            "children": {
                "TrainerController._reset_env": {
                    "total": 13.5016682,
                    "count": 1,
                    "self": 13.5016682
                },
                "TrainerController.advance": {
                    "total": 241.48737750000203,
                    "count": 11567,
                    "self": 0.21696360000424875,
                    "children": {
                        "env_step": {
                            "total": 241.27041389999778,
                            "count": 11567,
                            "self": 228.76001039999872,
                            "children": {
                                "SubprocessEnvManager._take_step": {
                                    "total": 12.272715399999864,
                                    "count": 11567,
                                    "self": 0.5400767000004869,
                                    "children": {
                                        "NNPolicy.evaluate": {
                                            "total": 11.732638699999377,
                                            "count": 11567,
                                            "self": 11.732638699999377
                                        }
                                    }
                                },
                                "workers": {
                                    "total": 0.23768809999920038,
                                    "count": 11566,
                                    "self": 0.0,
                                    "children": {
                                        "worker_root": {
                                            "total": 248.14001300000137,
                                            "count": 11566,
                                            "is_parallel": true,
                                            "self": 39.636249900004,
                                            "children": {
                                                "steps_from_proto": {
                                                    "total": 0.000438400000000172,
                                                    "count": 1,
                                                    "is_parallel": true,
                                                    "self": 0.00022189999999788768,
                                                    "children": {
                                                        "_process_vector_observation": {
                                                            "total": 0.0002165000000022843,
                                                            "count": 4,
                                                            "is_parallel": true,
                                                            "self": 0.0002165000000022843
                                                        }
                                                    }
                                                },
                                                "UnityEnvironment.step": {
                                                    "total": 208.50332469999736,
                                                    "count": 11566,
                                                    "is_parallel": true,
                                                    "self": 1.541068099999535,
                                                    "children": {
                                                        "UnityEnvironment._generate_step_input": {
                                                            "total": 1.0467548999979268,
                                                            "count": 11566,
                                                            "is_parallel": true,
                                                            "self": 1.0467548999979268
                                                        },
                                                        "communicator.exchange": {
                                                            "total": 201.35224169999947,
                                                            "count": 11566,
                                                            "is_parallel": true,
                                                            "self": 201.35224169999947
                                                        },
                                                        "steps_from_proto": {
                                                            "total": 4.563260000000431,
                                                            "count": 11566,
                                                            "is_parallel": true,
                                                            "self": 1.9552572000033415,
                                                            "children": {
                                                                "_process_vector_observation": {
                                                                    "total": 2.60800279999709,
                                                                    "count": 46264,
                                                                    "is_parallel": true,
                                                                    "self": 2.60800279999709
                                                                }
                                                            }
                                                        }
                                                    }
                                                }
                                            }
                                        }
                                    }
                                }
                            }
                        }
                    }
                },
                "trainer_threads": {
                    "total": 4.950000004555477e-05,
                    "count": 1,
                    "self": 4.950000004555477e-05,
                    "children": {
                        "thread_root": {
                            "total": 0.0,
                            "count": 0,
                            "is_parallel": true,
                            "self": 0.0,