{
    "name": "root",
    "gauges": {
        "rollerball_03_RollerBallMLA_3.Policy.Entropy.mean": {
            "value": 1.3733137845993042,
            "min": 1.3733137845993042,
            "max": 1.4192670583724976,
            "count": 127
        },
        "rollerball_03_RollerBallMLA_3.Environment.EpisodeLength.mean": {
            "value": 9.584126984126984,
            "min": 9.379417879417879,
            "max": 22.858851674641148,
            "count": 127
        },
        "rollerball_03_RollerBallMLA_3.Policy.ExtrinsicValueEstimate.mean": {
            "value": 0.07741005718708038,
            "min": -0.18936994671821594,
            "max": 1.3845841884613037,
            "count": 127
        },
        "rollerball_03_RollerBallMLA_3.Environment.CumulativeReward.mean": {
            "value": 0.3668076109936575,
            "min": 0.06864988558352403,
            "max": 0.4739652870493992,
            "count": 127
        },
        "rollerball_03_RollerBallMLA_3.Policy.ExtrinsicReward.mean": {
            "value": 0.3668076109936575,
            "min": 0.06864988558352403,
            "max": 0.4739652870493992,
            "count": 127
        },
        "rollerball_03_RollerBallMLA_3.IsTraining.mean": {
            "value": 1.0,
            "min": 1.0,
            "max": 1.0,
            "count": 127
        },
        "rollerball_03_RollerBallMLA_3.Losses.ValueLoss.mean": {
            "value": 0.004986548330634832,
            "min": 0.00496184267103672,
            "max": 2.6668899059295654,
            "count": 61
        },
        "rollerball_03_RollerBallMLA_3.Losses.PolicyLoss.mean": {
            "value": 0.016238106414675713,
            "min": 0.012257334776222706,
            "max": 0.025093769654631615,
            "count": 61
        },
        "rollerball_03_RollerBallMLA_3.Policy.LearningRate.mean": {
            "value": 0.00022499971964862198,
            "min": 0.00022499971964862198,
            "max": 0.0002987711050081998,
            "count": 61
        }
    },
    "metadata": {
        "timer_format_version": "0.1.0",
        "start_time_seconds": "1680478948",
        "python_version": "3.7.16 (default, Jan 17 2023, 16:06:28) [MSC v.1916 64 bit (AMD64)]",
        "command_line_arguments": "C:\\Users\\Matthew\\AppData\\Local\\Continuum\\miniconda3\\envs\\ml-agents-1.0.8\\Scripts\\mlagents-learn .\\trainer_config.yaml --run-id rollerball_03",
        "mlagents_version": "0.16.1",
        "mlagents_envs_version": "0.16.1",
        "communication_protocol_version": "1.0.0",
        "tensorflow_version": "2.11.0",
        "end_time_seconds": "1680481542"
    },
    "total": 2594.5693241,
    "count": 1,
    "self": 0.11562510000021575,
    "children": {
        "run_training.setup": {
            "total": 0.037668400000001157,
            "count": 1,
            "self": 0.037668400000001157
        },
        "TrainerController.start_learning": {
            "total": 2594.4160306,
            "count": 1,
            "self": 124.83684570001924,
            "children": {
                "TrainerController._reset_env": {
                    "total": 21.547151,
                    "count": 1,
                    "self": 21.547151
                },
                "TrainerController.advance": {
                    "total": 2446.8288708999803,
                    "count": 124859,
                    "self": 3.772135100000469,
                    "children": {
                        "env_step": {
                            "total": 2443.05673579998,
                            "count": 124859,
                            "self": 2342.720755200119,
                            "children": {
                                "SubprocessEnvManager._take_step": {
                                    "total": 96.38476259993726,
                                    "count": 124859,
                                    "self": 6.916523199897682,
                                    "children": {
                                        "NNPolicy.evaluate": {
                                            "total": 89.46823940003958,
                                            "count": 47356,
                                            "self": 89.46823940003958
                                        }
                                    }
                                },
                                "workers": {
                                    "total": 3.951217999923294,
                                    "count": 124858,
                                    "self": 0.0,
                                    "children": {
                                        "worker_root": {
                                            "total": 2556.3004203999744,
                                            "count": 124858,
                                            "is_parallel": true,
                                            "self": 894.2265874999637,
                                            "children": {
                                                "steps_from_proto": {
                                                    "total": 0.002558199999999289,
                                                    "count": 1,
                                                    "is_parallel": true,
                                                    "self": 0.001010299999997244,
                                                    "children": {
                                                        "_process_vector_observation": {
                                                            "total": 0.0015479000000020449,
                                                            "count": 2,
                                                            "is_parallel": true,
                                                            "self": 0.0015479000000020449
                                                        }
                                                    }
                                                },
                                                "UnityEnvironment.step": {
                                                    "total": 1662.0712747000107,
                                                    "count": 124858,
                                                    "is_parallel": true,
                                                    "self": 34.18738980011835,
                                                    "children": {
                                                        "UnityEnvironment._generate_step_input": {
                                                            "total": 31.29898290000652,
                                                            "count": 124858,
                                                            "is_parallel": true,
                                                            "self": 31.29898290000652
                                                        },
                                                        "communicator.exchange": {
                                                            "total": 1526.117220399956,
                                                            "count": 124858,
                                                            "is_parallel": true,
                                                            "self": 1526.117220399956
                                                        },
                                                        "steps_from_proto": {
                                                            "total": 70.46768159992985,
                                                            "count": 124856,
                                                            "is_parallel": true,
                                                            "self": 30.164903599956816,